{"r": {"max": 1.550348953198392, "range": 1.9989637185511842, "min": -0.44861476535279216}, "b": {"max": 1.1399806821594733, "range": 1.4092341710955452, "min": -0.26925348893607176}, "g": {"max": 1.0274181819844086, "range": 1.2574190847436129, "min": -0.23000090275920432}}